{"generator_losses": [-0.5021851658821106, -0.5050526261329651, -0.5112563967704773, -0.5170612335205078, -0.5177372097969055, -0.5210913419723511, -0.522197425365448, -0.5246461629867554], "best_epoch": 95, "best_lossG": -0.5246461629867554}