{"generator_losses": [-0.4992677569389343, -0.5004308223724365, -0.4911471903324127, -0.5097125172615051, -0.5071815848350525, -0.5037409067153931, -0.5043029189109802, -0.5059033632278442, -0.5061391592025757, -0.5067566633224487, -0.5070260167121887, -0.5052785277366638, -0.5047427415847778, -0.5039502382278442, -0.4993002116680145, -0.505419135093689, -0.5052347779273987, -0.5054630637168884, -0.5064132809638977, -0.5041976571083069, -0.5054581761360168, -0.5069650411605835, -0.5061950087547302, -0.5066750645637512, -0.5077047348022461, -0.5063345432281494, -0.5047677159309387, -0.50433748960495, -0.5061121582984924, -0.5076834559440613, -0.5104164481163025, -0.5042928457260132, -0.5047724843025208, -0.5065070390701294, -0.5051649212837219, -0.5051761865615845, -0.5037797689437866, -0.5053218603134155, -0.5083767175674438, -0.5057663917541504, -0.4978817403316498, -0.4982554018497467, -0.49818018078804016, -0.4977710247039795, -0.49800166487693787, -0.4994660019874573, -0.4991900324821472, -0.4994603395462036, -0.49918287992477417, -0.49940699338912964, -0.49985644221305847, -0.4994649887084961, -0.5017056465148926, -0.5015133023262024, -0.5008652210235596, -0.5001696944236755, -0.5000667572021484, -0.4995589852333069, -0.49978944659233093, -0.5004045367240906, -0.5002487301826477, -0.4996313750743866, -0.5003291368484497, -0.5001544952392578, -0.4997900128364563, -0.5002267360687256, -0.499685674905777, -0.5000178813934326, -0.4999282658100128, -0.5003528594970703, -0.5000810623168945, -0.500589907169342, -0.5003917813301086, -0.49936437606811523, -0.4998474717140198, -0.5001033544540405, -0.5000194907188416, -0.5000998377799988, -0.49970149993896484, -0.5006117224693298, -0.5003613233566284, -0.49973049759864807, -0.5000422596931458, -0.4992375373840332, -0.49952834844589233, -0.5001785159111023, -0.5003134608268738, -0.5001676082611084, -0.49970918893814087, -0.49983641505241394, -0.5001267194747925, -0.4994143843650818, -0.49914243817329407, -0.500018298625946, -0.49951088428497314, -0.49934521317481995, -0.4990990161895752, -0.4996519982814789, -0.4994300305843353, -0.49956628680229187], "best_epoch": 30, "best_lossG": -0.5104164481163025}