{"generator_losses": [-0.49970003962516785, -0.5046603679656982, -0.5163174867630005, -0.5172627568244934, -0.5253132581710815], "best_epoch": 72, "best_lossG": -0.5253132581710815}