{"generator_losses": [-0.49763038754463196, -0.4977227747440338, -0.4983657896518707, -0.49690109491348267, -0.49855875968933105, -0.4952380061149597, -0.4916532635688782, -0.508859395980835, -0.48945388197898865, -0.5108683705329895, -0.5100104212760925, -0.512730598449707, -0.5082630515098572, -0.507335364818573, -0.5087878704071045, -0.5080461502075195, -0.5075898766517639, -0.5102991461753845, -0.5086468458175659, -0.5082326531410217, -0.5091665983200073, -0.5084198713302612, -0.5093461275100708, -0.51016765832901, -0.5095952749252319, -0.5076234340667725, -0.5071972608566284, -0.5064817667007446, -0.50848388671875, -0.5076675415039062, -0.50694340467453, -0.5054919123649597, -0.5061877369880676, -0.5107505917549133, -0.5104688405990601, -0.5109130144119263, -0.5109894275665283, -0.5109291672706604, -0.5110577344894409, -0.5111182928085327, -0.5110232830047607, -0.5102454423904419, -0.5112878680229187, -0.5114134550094604, -0.5112333297729492, -0.5109056830406189, -0.510503351688385, -0.510995626449585, -0.5102528929710388, -0.5098751783370972], "best_epoch": 11, "best_lossG": -0.512730598449707}