{"generator_losses": [-0.4979323148727417, -0.5005843639373779, -0.5011416673660278, -0.5015701651573181, -0.5019497275352478, -0.5066890120506287, -0.5072027444839478, -0.5125049948692322, -0.5139472484588623], "best_epoch": 58, "best_lossG": -0.5139472484588623}