{"generator_losses": [-0.5006335377693176, -0.49960336089134216, -0.49711939692497253, -0.5032621026039124, -0.48985743522644043, -0.4863376021385193, -0.49606531858444214, -0.4928763210773468, -0.48835819959640503, -0.4880492389202118, -0.4878232777118683, -0.488047331571579, -0.48825138807296753, -0.4881700575351715, -0.4886983335018158, -0.4894053339958191, -0.49087458848953247, -0.5119844675064087, -0.5127114057540894, -0.5096972584724426, -0.5106863379478455, -0.5096437931060791, -0.5100194215774536, -0.5092393755912781, -0.48793697357177734, -0.5100520849227905, -0.511871337890625, -0.5106278657913208, -0.5153769850730896, -0.5124260783195496, -0.5094805359840393, -0.5072113275527954, -0.4884873926639557, -0.4851733446121216, -0.48717233538627625, -0.48817697167396545, -0.4916399121284485, -0.49129122495651245, -0.49167612195014954, -0.49096962809562683, -0.4945894479751587, -0.4981781542301178, -0.5097216367721558, -0.5053251385688782, -0.49921301007270813, -0.5115089416503906, -0.5103065967559814, -0.509880006313324, -0.5066990852355957, -0.5040137767791748], "best_epoch": 28, "best_lossG": -0.5153769850730896}